START,WRITE,52,NACK
STOP,,,
START,WRITE,52,NACK
STOP,,,
STOP,,,
STOP,,,
START,WRITE,52,NACK
STOP,,,
STOP,,,
STOP,,,
STOP,,,
STOP,,,
STOP,,,
STOP,,,
START,WRITE,52,NACK
STOP,,,
START,WRITE,52,NACK
STOP,,,
STOP,,,
STOP,,,
START,READ,52,NACK
STOP,,,
START,WRITE,52,NACK
STOP,,,
STOP,,,
START,WRITE,52,NACK
STOP,,,
START,READ,52,NACK
STOP,,,
START,WRITE,52,NACK
STOP,,,
START,READ,52,NACK
STOP,,,
START,WRITE,52,NACK
STOP,,,
START,READ,52,NACK
STOP,,,
START,WRITE,52,NACK
STOP,,,
START,READ,52,NACK
STOP,,,
START,WRITE,52,NACK
STOP,,,
START,READ,52,NACK
STOP,,,
STOP,,,
START,WRITE,52,NACK
STOP,,,
START,WRITE,52,NACK
STOP,,,
STOP,,,
STOP,,,
START,WRITE,52,NACK
STOP,,,
START,WRITE,52,NACK
STOP,,,
START,WRITE,52,NACK
STOP,,,
START,WRITE,52,NACK
STOP,,,
START,WRITE,52,NACK
STOP,,,
START,WRITE,52,NACK
STOP,,,
START,WRITE,52,NACK
STOP,,,
START,WRITE,52,NACK
STOP,,,
START,WRITE,52,NACK
STOP,,,
START,WRITE,52,NACK
STOP,,,
STOP,,,
START,WRITE,52,NACK
STOP,,,
STOP,,,
START,WRITE,52,NACK
STOP,,,
STOP,,,
STOP,,,
STOP,,,
STOP,,,
STOP,,,
START,WRITE,52,NACK
STOP,,,
START,READ,52,NACK
STOP,,,
START,WRITE,52,NACK
STOP,,,
START,READ,52,NACK
STOP,,,
